"Drug","High_Mean","Low_Mean","Diff","P_value","FDR"
"AZD8055_1059",0.0893347188521391,-0.126091222629798,0.215425941481937,4.2175597956516e-12,2.48836027943444e-10
"MK-1775_1179",0.237900659451996,0.770859726119174,-0.532959066667178,1.89009702537874e-10,5.57578622486728e-09
"Docetaxel_1007",-4.6858610087386,-4.17888493223133,-0.506976076507265,9.01469045714636e-10,1.49773312827765e-08
"Paclitaxel_1080",-3.12229690582514,-2.4792724306061,-0.643024475219039,1.22031196736578e-09,1.49773312827765e-08
"AZD6482_2169",3.58240823347025,3.08611499303313,0.496293240437121,1.26926536294716e-09,1.49773312827765e-08
"BMS-754807_2171",0.80546665318129,0.291467149506383,0.513999503674908,3.52709717244636e-07,3.46831221957225e-06
"AZD6738_1917",1.91502879083488,2.31412407835377,-0.399095287518889,6.45329434772609e-07,5.43920523594056e-06
"AZD2014_1441",2.46310599861321,2.27673042511761,0.186375573495599,9.72221860893018e-07,7.17013622408601e-06
"AZD7762_1022",-0.144876007986987,0.261378275093855,-0.406254283080841,1.42530361439222e-06,9.34365702768232e-06
"AZD4547_1786",2.7221825025047,2.91666550591243,-0.194483003407725,2.16615116467198e-06,1.27802918715647e-05
"BMS-536924_1091",2.01506121692589,2.22607092697611,-0.21100971005022,4.95124254872074e-06,2.65566645795022e-05
"BPD-00008900_1998",4.42867728256605,4.60351004475451,-0.17483276218846,9.41982234515789e-06,4.63141265303596e-05
"Docetaxel_1819",-2.25081379840301,-1.71636194791181,-0.534451850491201,2.68529730532397e-05,0.000121871185395472
"Cisplatin_1005",3.17785411487036,3.54536880095,-0.367514686079642,3.84542274581138e-05,0.000162057101430622
"GSK269962A_1192",3.05391174192352,2.89433871773743,0.159573024186097,6.71611393757347e-05,0.000264167148211223
"Olaparib_1017",4.26677074792039,4.45406599707832,-0.187295249157931,0.000256392220045912,0.0009454463114193
"Trametinib_1372",0.259688517046886,0.661050589238877,-0.401362072191991,0.000544184926027325,0.00188864180209483
"AZD3759_1915",2.81969833434382,2.7264777288441,0.0932206054997207,0.00190583180285994,0.00599286574576874
"Vincristine_1818",-1.70393231273501,-1.37161628963115,-0.332316023103866,0.0019331203290796,0.00599286574576874
"MK-2206_1053",3.30636828426203,3.12185210666019,0.184516177601845,0.00203147991381991,0.00599286574576874
"Nutlin-3a (-)_1047",5.34970829717074,4.9859549915352,0.363753305635544,0.00238788620620353,0.00670882315076229
"Bortezomib_1191",-4.87530881242544,-4.74066236241249,-0.13464645001295,0.00256000335971626,0.00686546355560271
"Ibrutinib_1799",4.33745903853826,4.48843651294943,-0.150977474411168,0.0031681685421502,0.00794906726551478
"AZD8186_1918",3.54726415370979,3.40471379816968,0.142550355540111,0.00323351888766703,0.00794906726551478
"Lapatinib_1558",2.9853600224128,3.15584717184535,-0.170487149432546,0.00629300340903959,0.0148514880453334
"AZD5582_1617",1.93489572752411,2.11541709357526,-0.180521366051149,0.0123960425711076,0.0281294812190518
"Afatinib_1032",1.76069438731436,1.89297407457102,-0.132279687256659,0.0160363766176559,0.0350424526089518
"Dabrafenib_1373",4.38717289275411,4.53922712902179,-0.152054236267678,0.0175764598663796,0.0370361118612999
"AZD1208_1449",5.40808858250536,5.33596812634145,0.0721204561639066,0.0262205141948627,0.0515670112498966
"JQ1_2172",2.674350526687,2.59138940411327,0.0829611225737237,0.0262205141948627,0.0515670112498966
"AZD5991_1720",4.01472284203504,3.83386691318689,0.180855928848156,0.0490289421941737,0.0933131480469757
"Navitoclax_1011",1.63036013588111,1.78711814727725,-0.156758011396139,0.0553983742717197,0.102140752563483
"Gemcitabine_1190",-0.013523761474098,0.340298873453768,-0.353822634927866,0.0663895092520056,0.118696395329343
"Crizotinib_1083",3.16003877708832,3.23385576824904,-0.0738169911607258,0.0742147045015763,0.1287843401645
"Selumetinib_1736",4.15833271788266,4.31907447679709,-0.160741758914424,0.0831514651199146,0.140169612630713
"Rapamycin_1084",-2.1348496844739,-2.20074629586829,0.0658966113943911,0.0941752737172057,0.154342809703198
"Temozolomide_1375",5.96076503246529,6.04553474156687,-0.0847697091015833,0.103188675303299,0.164544103862017
"MK-8776_2046",3.13929098651898,3.27841442573765,-0.139123439218662,0.146851352666058,0.22360659701999
"5-Fluorouracil_1073",4.79382501798541,4.94022668902024,-0.146401671034827,0.150998088880068,0.22360659701999
"GSK591_2110",4.54620049065275,4.59976536225601,-0.0535648716032595,0.151597692894909,0.22360659701999
"AZD1332_1463",3.93483644694702,3.98657076238383,-0.0517343154368128,0.197491496024979,0.283646262945932
"AZD5153_1706",1.77937955108499,1.72051063025012,0.0588689208348721,0.201917678707274,0.283646262945932
"Venetoclax_1909",1.8654974417163,1.9244754505348,-0.0589780088185003,0.243333000949055,0.333875512930099
"BMS-345541_1249",3.45931608418208,3.5373622476799,-0.078046163497818,0.311012086413017,0.417038934053819
"I-BET-762_1624",3.33429388685624,3.38129840939751,-0.0470045225412639,0.418510724948081,0.548714061598595
"GSK2606414_1618",3.90721221790551,3.88147012976347,0.0257420881420392,0.476327729733312,0.601218840378319
"AZD5438_1401",2.61780824927232,2.67828187275995,-0.0604736234876335,0.478937042335271,0.601218840378319
"AZD5363_1916",3.11463688325433,3.08144035033782,0.0331965329165085,0.498753419125213,0.613051077674741
"GSK343_1627",2.85527320092631,2.87343926022862,-0.018166059302307,0.523096495287209,0.629850882080517
"Oxaliplatin_1806",5.27436352412874,5.23435423576717,0.0400092883615661,0.549437944172734,0.637248872132242
"Gefitinib_1010",3.23280516606532,3.22767685387857,0.00512831218674492,0.550842245402447,0.637248872132242
"Vorinostat_1012",1.59344175143736,1.64469827057045,-0.05125651913309,0.563559831707055,0.639423655206082
"Axitinib_1021",3.05530817693846,3.03984359678634,0.0154645801521154,0.650244153492753,0.723856699171178
"Erlotinib_1168",2.58735966788452,2.61315042014115,-0.0257907522566265,0.665463419215308,0.727080402475985
"Osimertinib_1919",1.70519647424017,1.74245107007186,-0.0372545958316888,0.737175415232336,0.790788172703779
"GSK2578215A_1927",4.99602074356522,5.00777682280671,-0.0117560792414899,0.850631622445652,0.896201173648098
"Oxaliplatin_1089",4.0230345333945,4.0149272890952,0.0081072442992971,0.87544044978078,0.906157658545018
"Sorafenib_1085",2.71202580278382,2.73199168690319,-0.0199658841193706,0.913711210916986,0.92946485248452
"GSK1904529A_1093",4.36032529315603,4.37676542307484,-0.0164401299188039,0.938784346171656,0.938784346171656
